<?xml version="1.0" encoding="UTF-8"?>
<objects serializationModel="Studio.02.02.00">
	<object class="Workspace" id="{8ec9ccba-260c-4aaa-bf91-74132dd2ccf1}">
		<relationship name="projectSettings">
			<destination>{75a00510-eb47-4a0e-9cef-f84e0165c49b}</destination>
		</relationship>
		<relationship name="changelist">
			<destination>{61bdc684-065f-42c1-9c8f-61448a0611c3}</destination>
		</relationship>
	</object>
	<object class="ProjectSettings" id="{75a00510-eb47-4a0e-9cef-f84e0165c49b}">
		<relationship name="activePlatform">
			<destination>{d034082d-4c89-49f6-928b-304a0ab39e87}</destination>
		</relationship>
	</object>
	<object class="WorkspaceChangelist" id="{61bdc684-065f-42c1-9c8f-61448a0611c3}" />
</objects>
