<?xml version="1.0" encoding="UTF-8"?>
<objects serializationModel="Studio.02.02.00">
	<object class="AudioFile" id="{03e481d6-ffc4-4b9f-be7a-c6c5c76a0dad}">
		<property name="assetPath">
			<value>OneShots/Harmony-E_OneShot.wav</value>
		</property>
		<property name="frequencyInKHz">
			<value>44.0999985</value>
		</property>
		<property name="channelCount">
			<value>2</value>
		</property>
		<property name="length">
			<value>2.3077097505668935</value>
		</property>
		<relationship name="masterAssetFolder">
			<destination>{a8a552bf-c07c-4d0d-9def-2e9da395803a}</destination>
		</relationship>
	</object>
</objects>
