<?xml version="1.0" encoding="UTF-8"?>
<objects serializationModel="Studio.02.02.00">
	<object class="AudioFile" id="{5cb96ae9-cc32-495e-b32f-9b1c1a2a75ec}">
		<property name="assetPath">
			<value>SFX/grassStep1.wav</value>
		</property>
		<property name="frequencyInKHz">
			<value>44.0999985</value>
		</property>
		<property name="channelCount">
			<value>2</value>
		</property>
		<property name="length">
			<value>0.31249433106575963</value>
		</property>
		<relationship name="masterAssetFolder">
			<destination>{a8a552bf-c07c-4d0d-9def-2e9da395803a}</destination>
		</relationship>
	</object>
</objects>
