<?xml version="1.0" encoding="UTF-8"?>
<objects serializationModel="Studio.02.02.00">
	<object class="AudioFile" id="{655d8948-7a63-45fa-8d6f-de8d95b640bc}">
		<property name="assetPath">
			<value>NPC/NPC_Red_Request.wav</value>
		</property>
		<property name="frequencyInKHz">
			<value>44.0999985</value>
		</property>
		<property name="channelCount">
			<value>2</value>
		</property>
		<property name="length">
			<value>3.4615419501133786</value>
		</property>
		<relationship name="masterAssetFolder">
			<destination>{a8a552bf-c07c-4d0d-9def-2e9da395803a}</destination>
		</relationship>
	</object>
</objects>
