<?xml version="1.0" encoding="UTF-8"?>
<objects serializationModel="Studio.02.02.00">
	<object class="AudioFile" id="{81cb9145-16da-41f7-96a7-5750aae117be}">
		<property name="assetPath">
			<value>SFX/grassStep4.wav</value>
		</property>
		<property name="frequencyInKHz">
			<value>44.0999985</value>
		</property>
		<property name="channelCount">
			<value>2</value>
		</property>
		<property name="length">
			<value>0.3125170068027211</value>
		</property>
		<relationship name="masterAssetFolder">
			<destination>{a8a552bf-c07c-4d0d-9def-2e9da395803a}</destination>
		</relationship>
	</object>
</objects>
