<?xml version="1.0" encoding="UTF-8"?>
<objects serializationModel="Studio.02.02.00">
	<object class="ParameterPreset" id="{2cfbd218-425f-483a-9f06-230981806968}">
		<property name="name">
			<value>MusicAdd</value>
		</property>
		<relationship name="folder">
			<destination>{339d1e8e-9979-47d9-b1d3-47978c5f2fd0}</destination>
		</relationship>
		<relationship name="parameter">
			<destination>{37d38da6-7ede-4781-b34b-46a44ec9a1e5}</destination>
		</relationship>
	</object>
	<object class="GameParameter" id="{37d38da6-7ede-4781-b34b-46a44ec9a1e5}">
		<property name="parameterType">
			<value>2</value>
		</property>
		<property name="maximum">
			<value>6</value>
		</property>
		<property name="enumerationLabels">
			<value>Drone 1</value>
			<value>Drums</value>
			<value>Bass</value>
			<value>Melody</value>
			<value>Harmony</value>
			<value>Drone 2</value>
		</property>
		<property name="initialValue">
			<value>0</value>
		</property>
	</object>
</objects>
