<?xml version="1.0" encoding="UTF-8"?>
<objects serializationModel="Studio.02.02.00">
	<object class="EncodingSetting" id="{7150d9d7-47e8-44c6-8868-eda3786be75f}">
		<property name="encodingFormat">
			<value>3</value>
		</property>
		<property name="quality">
			<value>37</value>
		</property>
		<relationship name="platform">
			<destination>{d034082d-4c89-49f6-928b-304a0ab39e87}</destination>
		</relationship>
		<relationship name="encodable">
			<destination>{d034082d-4c89-49f6-928b-304a0ab39e87}</destination>
		</relationship>
	</object>
</objects>
